{"batch loss": 0.651751697063446, "_runtime": 56, "_timestamp": 1627635666, "_step": 1877, "loss": 11.803549496922642}