{"batch loss": 0.02723926492035389, "_runtime": 142, "_timestamp": 1627639767, "_step": 9379, "loss": 8.393601975214551}