{"batch loss": 0.3267037868499756, "_runtime": 39, "_timestamp": 1627635116, "_step": 471, "loss": 0.19425857930764323}