{"batch loss": 0.5260923504829407, "_runtime": 56, "_timestamp": 1627635898, "_step": 471, "loss": 0.2055754124885425}