{"batch loss": 0.02738584205508232, "_runtime": 140, "_timestamp": 1627639248, "_step": 9379, "loss": 9.9439118468581}