{"batch loss": 0.011430238373577595, "_runtime": 220, "_timestamp": 1627637126, "_step": 9389, "loss": 1.3512608104028914}