{"batch loss": 0.4922027885913849, "_runtime": 55, "_timestamp": 1627639103, "_step": 939, "loss": 1.876476118224673}