{"batch loss": 0.3866489827632904, "_runtime": 86, "_timestamp": 1627638155, "_step": 2349, "loss": 1.4016727020498365}