{"batch loss": 0.28463342785835266, "_runtime": 90, "_timestamp": 1627634940, "_step": 2349, "loss": 0.8776902831741609}