{"batch loss": 1.15030038356781, "_runtime": 175, "_timestamp": 1627635296, "_step": 9389, "loss": 16.77996353060007}