{"batch loss": 0.6090834736824036, "_runtime": 37, "_timestamp": 1627638976, "_step": 471, "loss": 0.5645620912546292}