{"batch loss": 0.11901023983955383, "_runtime": 87, "_timestamp": 1627636805, "_step": 1179, "loss": 0.09248826930706855}