{"batch loss": 0.36102235317230225, "_runtime": 165, "_timestamp": 1627638355, "_step": 4699, "loss": 0.9784638506243937}