{"batch loss": 0.08396929502487183, "_runtime": 134, "_timestamp": 1627639441, "_step": 4694, "loss": 3.053802870490472}