{"batch loss": 0.2422792911529541, "_runtime": 42, "_timestamp": 1627637367, "_step": 939, "loss": 0.5578947568428703}