{"batch loss": 0.24351145327091217, "_runtime": 37, "_timestamp": 1627637796, "_step": 471, "loss": 0.15858611541625578}