{"batch loss": 0.3395533859729767, "_runtime": 54, "_timestamp": 1627635579, "_step": 3751, "loss": 33.53166402224451}