{"batch loss": 0.088729627430439, "_runtime": 46, "_timestamp": 1627639493, "_step": 1877, "loss": 3.8726243479468394}