{"batch loss": 2.163076877593994, "_runtime": 48, "_timestamp": 1627639301, "_step": 471, "loss": 1.9800504986196756}