{"batch loss": 2.114201068878174, "_runtime": 54, "_timestamp": 1627635498, "_step": 1877, "loss": 31.510724186897278}