{"batch loss": 0.03974752500653267, "_runtime": 219, "_timestamp": 1627636381, "_step": 18759, "loss": 11.128103917784756}