{"batch loss": 0.19661960005760193, "_runtime": 285, "_timestamp": 1627636692, "_step": 18759, "loss": 17.629586990107782}