{"batch loss": 0.17807821929454803, "_runtime": 87, "_timestamp": 1627637733, "_step": 2349, "loss": 0.3934132991998922}