{"batch loss": 0.2851218581199646, "_runtime": 93, "_timestamp": 1627637620, "_step": 1179, "loss": 0.21375529815850314}