{"batch loss": 0.10085482895374298, "_runtime": 123, "_timestamp": 1627634506, "_step": 9379, "loss": 16.292554732761346}