{"batch loss": 0.09698054194450378, "_runtime": 48, "_timestamp": 1627636879, "_step": 1877, "loss": 5.087120343872812}