{"batch loss": 0.2194608747959137, "_runtime": 60, "_timestamp": 1627639043, "_step": 3751, "loss": 22.363438926637173}