{"acc": 3.726396514126539, "loss": 6.438958919152686, "_runtime": 68, "_timestamp": 1627542771, "_step": 29}