{"batch loss": 1.014793872833252, "_runtime": 96, "_timestamp": 1627635418, "_step": 1179, "loss": 0.9006475813221186}