{"batch loss": 0.0037715507205575705, "_runtime": 208, "_timestamp": 1627634719, "_step": 9389, "loss": 0.4040247427506074}