{"batch loss": 0.2394402027130127, "_runtime": 38, "_timestamp": 1627634984, "_step": 939, "loss": 0.6698192671465222}