{"batch loss": 0.21064393222332, "_runtime": 85, "_timestamp": 1627638599, "_step": 1179, "loss": 0.14851938729407266}