{"batch loss": 0.008480727672576904, "_runtime": 236, "_timestamp": 1627638932, "_step": 18759, "loss": 2.3628378744829206}