{"batch loss": 0.024113735184073448, "_runtime": 196, "_timestamp": 1627638892, "_step": 15659, "loss": 2.9172764410019454