{"batch loss": 0.07456441223621368, "_runtime": 211, "_timestamp": 1627636135, "_step": 9389, "loss": 3.1333782289584633}