{"batch loss": 0.4499047100543976, "_runtime": 146, "_timestamp": 1627637299, "_step": 9379, "loss": 33.76865037064999}