{"histograms": {"_type": "histogram", "values": [1, 2, 0, 1, 0, 1, 0, 0, 0, 1, 0, 0, 0, 0, 0, 1, 0, 0, 0, 0, 0, 0, 0, 0, 1, 0, 0, 0, 0, 0, 0, 0, 0, 0, 0, 0, 0, 0, 0, 1, 0, 0, 0, 0, 0, 0, 0, 0, 0, 0, 0, 0, 0, 0, 0, 0, 0, 0, 0, 0, 0, 0, 0, 1], "bins": [0.0, 0.059027777777777776, 0.11805555555555555, 0.17708333333333331, 0.2361111111111111, 0.2951388888888889, 0.35416666666666663, 0.4131944444444444, 0.4722222222222222, 0.53125, 0.5902777777777778, 0.6493055555555556, 0.7083333333333333, 0.767361111111111, 0.8263888888888888, 0.8854166666666666, 0.9444444444444444, 1.003472222222222, 1.0625, 1.1215277777777777, 1.1805555555555556, 1.2395833333333333, 1.2986111111111112, 1.3576388888888888, 1.4166666666666665, 1.4756944444444444, 1.534722222222222, 1.59375, 1.6527777777777777, 1.7118055555555556, 1.7708333333333333, 1.8298611111111112, 1.8888888888888888, 1.9479166666666665, 2.006944444444444, 2.0659722222222223, 2.125, 2.1840277777777777, 2.2430555555555554, 2.3020833333333335, 2.361111111111111, 2.420138888888889, 2.4791666666666665, 2.538194444444444, 2.5972222222222223, 2.65625, 2.7152777777777777, 2.7743055555555554, 2.833333333333333, 2.892361111111111, 2.951388888888889, 3.0104166666666665, 3.069444444444444, 3.1284722222222223, 3.1875, 3.2465277777777777, 3.3055555555555554, 3.364583333333333, 3.423611111111111, 3.482638888888889, 3.5416666666666665, 3.600694444444444, 3.6597222222222223, 3.71875, 3.7777777777777777]}, "_runtime": 9, "_timestamp": 1627563281, "_step": 8}