{"batch loss": 0.3984658420085907, "_runtime": 41, "_timestamp": 1627637500, "_step": 471, "loss": 0.2875470653671073}