{"batch loss": 0.1799650639295578, "_runtime": 78, "_timestamp": 1627638459, "_step": 1179, "loss": 0.09224941479624249}