{"batch loss": 1.992790699005127, "_runtime": 78, "_timestamp": 1627634377, "_step": 1179, "loss": 1.754366208333522}