{"batch loss": 1.8334962129592896, "_runtime": 76, "_timestamp": 1627634844, "_step": 1179, "loss": 1.6352980993688107}