{"batch loss": 0.24409842491149902, "_runtime": 40, "_timestamp": 1627634763, "_step": 939, "loss": 0.831727653145208}