{"batch loss": 0.12685412168502808, "_runtime": 220, "_timestamp": 1627638043, "_step": 9389, "loss": 4.152754976297729}