{"batch loss": 0.2543996274471283, "_runtime": 41, "_timestamp": 1627637434, "_step": 471, "loss": 0.26193411319400184}