{"batch loss": 0.3947621285915375, "_runtime": 82, "_timestamp": 1627635072, "_step": 2349, "loss": 1.4791803484549746}