{"batch loss": 0.3055301606655121, "_runtime": 122, "_timestamp": 1627639620, "_step": 4694, "loss": 6.856780167203397}