{"batch loss": 1.9127205610275269, "_runtime": 46, "_timestamp": 1627638671, "_step": 939, "loss": 7.118532621301711}