{"batch loss": 0.45492854714393616, "_runtime": 85, "_timestamp": 1627635777, "_step": 2349, "loss": 1.6161977566080168}